{
  "config": {
    "corpus": "standard",
    "k": 10,
    "judge": "LLM-as-judge: gpt-4o-mini",
    "journeys": 8,
    "pairs": 124,
    "generated_at": "2026-06-12T15:48:30.372638+00:00"
  },
  "summary": {
    "avg": {
      "ndcg": 0.6330873174651075,
      "p5": 0.7000000000000001,
      "recall": 0.6775568181818182,
      "mrr": 0.8333333333333334,
      "map": 0.610391865079365,
      "judge": 0.6333333333333333,
      "hit": 1.0
    },
    "synth": {
      "ndcg": 0.7444128260823706,
      "p5": 0.775,
      "recall": 0.7083515442890443,
      "mrr": 0.875,
      "map": 0.7000322420634921,
      "judge": 0.7,
      "hit": 1.0
    }
  },
  "per_journey": {
    "journey_a": {
      "avg": {
        "ndcg": 0.5092620868167322,
        "p5": 0.6,
        "recall": 0.5,
        "mrr": 1.0,
        "map": 0.39630952380952383,
        "judge": 0.5666666666666667,
        "hit": 1.0
      },
      "synth": {
        "ndcg": 0.66179836241395,
        "p5": 0.6,
        "recall": 0.5833333333333334,
        "mrr": 1.0,
        "map": 0.5014285714285714,
        "judge": 0.6666666666666666,
        "hit": 1.0
      }
    },
    "journey_b": {
      "avg": {
        "ndcg": 0.6474338334916042,
        "p5": 1.0,
        "recall": 0.625,
        "mrr": 1.0,
        "map": 1.0,
        "judge": 0.8,
        "hit": 1.0
      },
      "synth": {
        "ndcg": 0.8842555699069607,
        "p5": 1.0,
        "recall": 0.5625,
        "mrr": 1.0,
        "map": 0.866388888888889,
        "judge": 0.8666666666666667,
        "hit": 1.0
      }
    },
    "journey_c": {
      "avg": {
        "ndcg": 0.6313237323976904,
        "p5": 0.8,
        "recall": 0.5384615384615384,
        "mrr": 1.0,
        "map": 0.6042063492063492,
        "judge": 0.7333333333333333,
        "hit": 1.0
      },
      "synth": {
        "ndcg": 0.704648907199007,
        "p5": 1.0,
        "recall": 0.6923076923076923,
        "mrr": 1.0,
        "map": 0.8521031746031745,
        "judge": 0.8333333333333334,
        "hit": 1.0
      }
    },
    "journey_d": {
      "avg": {
        "ndcg": 0.46220483178766975,
        "p5": 0.4,
        "recall": 0.46153846153846156,
        "mrr": 0.3333333333333333,
        "map": 0.3096428571428571,
        "judge": 0.5666666666666667,
        "hit": 1.0
      },
      "synth": {
        "ndcg": 0.7348085406186542,
        "p5": 0.8,
        "recall": 0.6923076923076923,
        "mrr": 0.5,
        "map": 0.7071031746031746,
        "judge": 0.7666666666666667,
        "hit": 1.0
      }
    },
    "journey_e": {
      "avg": {
        "ndcg": 0.748106989627132,
        "p5": 0.8,
        "recall": 0.75,
        "mrr": 1.0,
        "map": 0.6194444444444444,
        "judge": 0.5666666666666667,
        "hit": 1.0
      },
      "synth": {
        "ndcg": 0.6458156387670788,
        "p5": 0.6,
        "recall": 0.75,
        "mrr": 1.0,
        "map": 0.5913690476190475,
        "judge": 0.5333333333333333,
        "hit": 1.0
      }
    },
    "journey_f": {
      "avg": {
        "ndcg": 0.817384408083373,
        "p5": 0.8,
        "recall": 0.7272727272727273,
        "mrr": 1.0,
        "map": 0.736547619047619,
        "judge": 0.7,
        "hit": 1.0
      },
      "synth": {
        "ndcg": 0.9036383995246844,
        "p5": 1.0,
        "recall": 0.8181818181818182,
        "mrr": 1.0,
        "map": 0.9,
        "judge": 0.7333333333333333,
        "hit": 1.0
      }
    },
    "journey_g": {
      "avg": {
        "ndcg": 0.6100120934466019,
        "p5": 0.2,
        "recall": 1.0,
        "mrr": 0.3333333333333333,
        "map": 0.3380952380952381,
        "judge": 0.4666666666666667,
        "hit": 1.0
      },
      "synth": {
        "ndcg": 0.6232512873938694,
        "p5": 0.2,
        "recall": 0.75,
        "mrr": 0.5,
        "map": 0.31547619047619047,
        "judge": 0.4666666666666667,
        "hit": 1.0
      }
    },
    "journey_h": {
      "avg": {
        "ndcg": 0.6389705640700564,
        "p5": 1.0,
        "recall": 0.8181818181818182,
        "mrr": 1.0,
        "map": 0.8788888888888889,
        "judge": 0.6666666666666666,
        "hit": 1.0
      },
      "synth": {
        "ndcg": 0.7970859028347602,
        "p5": 1.0,
        "recall": 0.8181818181818182,
        "mrr": 1.0,
        "map": 0.866388888888889,
        "judge": 0.7333333333333333,
        "hit": 1.0
      }
    }
  }
}