{
  "summary": {
    "keyword": {
      "ndcg": 0.5649208029018188,
      "p1": 0.6923076923076923,
      "p5": 0.49230769230769234,
      "recall": 0.3834955979692821,
      "mrr": 0.7489316239316239,
      "map": 0.4048438135938136,
      "judge": 0.5,
      "cos": 0.2647899068318881,
      "hit": 0.9230769230769231,
      "diversity": 0.6139461093478732
    },
    "intent": {
      "ndcg": 0.6684802577830145,
      "p1": 0.6923076923076923,
      "p5": 0.6615384615384615,
      "recall": 0.6078232440074545,
      "mrr": 0.8034188034188035,
      "map": 0.5828622303622304,
      "judge": 0.5974358974358974,
      "cos": 0.3776184549698463,
      "hit": 1.0,
      "diversity": 0.5474680908724794
    },
    "hybrid": {
      "ndcg": 0.7002565350850334,
      "p1": 0.7692307692307693,
      "p5": 0.6615384615384615,
      "recall": 0.648174121200437,
      "mrr": 0.841025641025641,
      "map": 0.630819597069597,
      "judge": 0.6102564102564103,
      "cos": 0.3754330529616429,
      "hit": 1.0,
      "diversity": 0.5620736480778099
    }
  },
  "per_query": {
    "intent_01": {
      "keyword": {
        "ndcg": 0.41234787800208905,
        "p1": 0.0,
        "p5": 0.4,
        "recall": 0.3,
        "mrr": 0.5,
        "map": 0.15416666666666665,
        "judge": 0.43333333333333335,
        "cos": 0.35982775688171387,
        "hit": 1.0,
        "diversity": 0.6916288163926867
      },
      "intent": {
        "ndcg": 0.5387339954460572,
        "p1": 1.0,
        "p5": 0.8,
        "recall": 0.6,
        "mrr": 1.0,
        "map": 0.4841666666666667,
        "judge": 0.5666666666666667,
        "cos": 0.50595623254776,
        "hit": 1.0,
        "diversity": 0.522394519382053
      },
      "hybrid": {
        "ndcg": 0.5437151458129963,
        "p1": 1.0,
        "p5": 0.8,
        "recall": 0.6,
        "mrr": 1.0,
        "map": 0.5133333333333333,
        "judge": 0.5666666666666667,
        "cos": 0.5052566528320312,
        "hit": 1.0,
        "diversity": 0.5141436682807075
      }
    },
    "intent_02": {
      "keyword": {
        "ndcg": 0.46480687635854695,
        "p1": 0.0,
        "p5": 0.0,
        "recall": 0.6666666666666666,
        "mrr": 0.1111111111111111,
        "map": 0.1037037037037037,
        "judge": 0.3333333333333333,
        "cos": 0.17134973406791687,
        "hit": 1.0,
        "diversity": 0.6864421844482422
      },
      "intent": {
        "ndcg": 0.4231059095553012,
        "p1": 0.0,
        "p5": 0.0,
        "recall": 0.3333333333333333,
        "mrr": 0.1111111111111111,
        "map": 0.037037037037037035,
        "judge": 0.26666666666666666,
        "cos": 0.27366605401039124,
        "hit": 1.0,
        "diversity": 0.6872851053873699
      },
      "hybrid": {
        "ndcg": 0.4173900668401889,
        "p1": 0.0,
        "p5": 0.0,
        "recall": 0.3333333333333333,
        "mrr": 0.1,
        "map": 0.03333333333333333,
        "judge": 0.26666666666666666,
        "cos": 0.27109283208847046,
        "hit": 1.0,
        "diversity": 0.6902070787217882
      }
    },
    "intent_03": {
      "keyword": {
        "ndcg": 0.4062668675017601,
        "p1": 1.0,
        "p5": 0.4,
        "recall": 0.16666666666666666,
        "mrr": 1.0,
        "map": 0.2,
        "judge": 0.43333333333333335,
        "cos": 0.20288828015327454,
        "hit": 1.0,
        "diversity": 0.6869720458984375
      },
      "intent": {
        "ndcg": 0.6191374346267053,
        "p1": 1.0,
        "p5": 0.8,
        "recall": 0.6666666666666666,
        "mrr": 1.0,
        "map": 0.6258730158730159,
        "judge": 0.7,
        "cos": 0.29842114448547363,
        "hit": 1.0,
        "diversity": 0.6090488433837891
      },
      "hybrid": {
        "ndcg": 0.6020480045060003,
        "p1": 1.0,
        "p5": 0.6,
        "recall": 0.6666666666666666,
        "mrr": 1.0,
        "map": 0.5975396825396825,
        "judge": 0.7,
        "cos": 0.29702189564704895,
        "hit": 1.0,
        "diversity": 0.641456052992079
      }
    },
    "intent_04": {
      "keyword": {
        "ndcg": 0.525218746901695,
        "p1": 1.0,
        "p5": 0.6,
        "recall": 0.4375,
        "mrr": 1.0,
        "map": 0.5658730158730159,
        "judge": 0.6,
        "cos": 0.4072705805301666,
        "hit": 1.0,
        "diversity": 0.586190202501085
      },
      "intent": {
        "ndcg": 0.7955240059748562,
        "p1": 1.0,
        "p5": 0.8,
        "recall": 0.5,
        "mrr": 1.0,
        "map": 0.6671031746031746,
        "judge": 0.7,
        "cos": 0.4843013286590576,
        "hit": 1.0,
        "diversity": 0.49954524570041237
      },
      "hybrid": {
        "ndcg": 0.7781777100515379,
        "p1": 1.0,
        "p5": 0.8,
        "recall": 0.5,
        "mrr": 1.0,
        "map": 0.6842063492063492,
        "judge": 0.6666666666666666,
        "cos": 0.47893089056015015,
        "hit": 1.0,
        "diversity": 0.5149556901719835
      }
    },
    "intent_05": {
      "keyword": {
        "ndcg": 0.2762562286926444,
        "p1": 0.0,
        "p5": 0.0,
        "recall": 0.16666666666666666,
        "mrr": 0.125,
        "map": 0.020833333333333332,
        "judge": 0.26666666666666666,
        "cos": 0.23715665936470032,
        "hit": 1.0,
        "diversity": 0.6920088026258681
      },
      "intent": {
        "ndcg": 0.7075439151387648,
        "p1": 0.0,
        "p5": 0.6,
        "recall": 1.0,
        "mrr": 0.5,
        "map": 0.5703703703703703,
        "judge": 0.5666666666666667,
        "cos": 0.3176829516887665,
        "hit": 1.0,
        "diversity": 0.6097074296739367
      },
      "hybrid": {
        "ndcg": 0.7152310518856748,
        "p1": 0.0,
        "p5": 0.4,
        "recall": 1.0,
        "mrr": 0.5,
        "map": 0.5771825396825397,
        "judge": 0.5666666666666667,
        "cos": 0.3176829218864441,
        "hit": 1.0,
        "diversity": 0.6097074720594617
      }
    },
    "context_01": {
      "keyword": {
        "ndcg": 0.8262345879021107,
        "p1": 1.0,
        "p5": 0.4,
        "recall": 0.8,
        "mrr": 1.0,
        "map": 0.5079365079365079,
        "judge": 0.5333333333333333,
        "cos": 0.3272886872291565,
        "hit": 1.0,
        "diversity": 0.4922328101264106
      },
      "intent": {
        "ndcg": 0.8744465857689986,
        "p1": 1.0,
        "p5": 0.6,
        "recall": 0.6,
        "mrr": 1.0,
        "map": 0.55,
        "judge": 0.4666666666666667,
        "cos": 0.4166318476200104,
        "hit": 1.0,
        "diversity": 0.5639042324490018
      },
      "hybrid": {
        "ndcg": 0.9161467024370886,
        "p1": 1.0,
        "p5": 0.6,
        "recall": 0.8,
        "mrr": 1.0,
        "map": 0.6642857142857143,
        "judge": 0.5,
        "cos": 0.4140170216560364,
        "hit": 1.0,
        "diversity": 0.5551865047878689
      }
    },
    "context_02": {
      "keyword": {
        "ndcg": 0.5442293888899553,
        "p1": 1.0,
        "p5": 0.2,
        "recall": 0.16666666666666666,
        "mrr": 1.0,
        "map": 0.16666666666666666,
        "judge": 0.3,
        "cos": 0.24799294769763947,
        "hit": 1.0,
        "diversity": 0.5748536003960503
      },
      "intent": {
        "ndcg": 0.6439893099885433,
        "p1": 1.0,
        "p5": 0.6,
        "recall": 0.6666666666666666,
        "mrr": 1.0,
        "map": 0.5666666666666667,
        "judge": 0.5,
        "cos": 0.3671427369117737,
        "hit": 1.0,
        "diversity": 0.41683820088704426
      },
      "hybrid": {
        "ndcg": 0.785704556993944,
        "p1": 1.0,
        "p5": 0.6,
        "recall": 0.8333333333333334,
        "mrr": 1.0,
        "map": 0.6994047619047619,
        "judge": 0.5666666666666667,
        "cos": 0.36380404233932495,
        "hit": 1.0,
        "diversity": 0.4802202436659071
      }
    },
    "context_03": {
      "keyword": {
        "ndcg": 0.7848448941032193,
        "p1": 1.0,
        "p5": 1.0,